id,list_id,card_title,description,banner_img,completed,due_date,created_at,updated_at,position
1,9,Worker art her language.,"Name phone grow court. Edge sure economic growth scene. As someone myself responsibility huge experience.
With choice threat believe. Well book reach close.",https://placekitten.com/107/655,True,2025-05-11T09:41:26.414165,2025-05-09T09:41:26.414183,2025-05-09T09:41:26.414187,1
2,9,Still institution beyond.,"Job particular commercial somebody. As short chance break family oil. Institution head enough build raise until.
Loss according tax organization page meet than. Reach always success development sit.",https://dummyimage.com/38x628,False,2025-05-11T09:41:26.414293,2025-05-09T09:41:26.414299,2025-05-09T09:41:26.414301,2
3,11,Amount painting.,"Right citizen idea wrong. Central brother within away.
Offer performance able free improve. Long very service degree up fine.
Nature focus painting fire myself. Enjoy now member conference.",https://www.lorempixel.com/328/640,True,2025-05-23T09:41:26.414426,2025-05-09T09:41:26.414437,2025-05-09T09:41:26.414440,3
4,7,Move put military.,"Consider maybe debate along region. Life every occur factor we. Process him week power seat agreement.
Age eye also have everything price local. Weight include fight hit cold manager suggest.",https://placeimg.com/169/9/any,True,2025-06-02T09:41:26.414569,2025-05-09T09:41:26.414581,2025-05-09T09:41:26.414584,4
5,13,Success explain respond.,"Company create expert life. Dinner house positive father.
Rule a pass learn may.
Hundred science certainly purpose.",https://placeimg.com/319/162/any,True,2025-05-10T09:41:26.414696,2025-05-09T09:41:26.414702,2025-05-09T09:41:26.414704,5
6,3,Natural very.,Loss ten central property language career century. Institution part real continue development. History interesting another piece.,https://dummyimage.com/211x285,True,2025-05-29T09:41:26.414783,2025-05-09T09:41:26.414792,2025-05-09T09:41:26.414795,6
7,8,Gas blue close.,"Gas sit again material successful. Know only money by loss.
Water science happen benefit opportunity exactly. Animal can mission too energy. Agency personal between hundred treatment open upon great.",https://www.lorempixel.com/861/358,False,2025-05-11T09:41:26.414961,2025-05-09T09:41:26.414969,2025-05-09T09:41:26.414971,7
8,5,Wait report.,History top car him. Play author during develop challenge try commercial compare. Safe but trial truth always have beyond. International thing weight their week still.,https://dummyimage.com/763x752,True,2025-05-15T09:41:26.415124,2025-05-09T09:41:26.415136,2025-05-09T09:41:26.415139,8
9,12,Real whom.,Friend range ahead action understand care control unit. Expert history catch over pressure. Really attack conference rule thank interview sense.,https://placeimg.com/907/666/any,False,2025-05-28T09:41:26.415236,2025-05-09T09:41:26.415246,2025-05-09T09:41:26.415250,9
10,13,Night unit tend.,"Land low agent entire determine real meeting. Hear research fine name election.
Mention half style value wish agreement PM. Machine go city. Front whatever prove. Feeling same without another value.",https://placeimg.com/308/719/any,False,2025-06-04T09:41:26.415361,2025-05-09T09:41:26.415367,2025-05-09T09:41:26.415369,10
11,13,Decision create in.,"The family sort. Hair church effort same back loss mother now.
Believe career include he military offer. Poor we view tend list.",https://dummyimage.com/1014x684,False,2025-06-02T09:41:26.415460,2025-05-09T09:41:26.415465,2025-05-09T09:41:26.415467,11
12,11,Member child stop.,"Go night movie cut. Wonder increase TV budget keep.
Direction perform region last other beautiful. Let popular each bad.",https://dummyimage.com/764x68,False,2025-05-31T09:41:26.415575,2025-05-09T09:41:26.415581,2025-05-09T09:41:26.415583,12
13,6,Sure war idea.,"Hour challenge office development world all major pretty. Conference voice strategy world forward enter. Three yard expect arrive can.
Including wrong suddenly.",https://www.lorempixel.com/525/71,False,2025-05-15T09:41:26.415713,2025-05-09T09:41:26.415723,2025-05-09T09:41:26.415726,13
14,2,Wide office big.,Season allow entire especially reveal herself. Environmental feel pretty poor baby day natural. Worker their much nor.,https://www.lorempixel.com/765/417,False,2025-05-13T09:41:26.415803,2025-05-09T09:41:26.415808,2025-05-09T09:41:26.415810,14
15,10,Program cup.,According beat others animal its film either. Sure visit employee center position Mr. Education next design partner scene.,https://dummyimage.com/940x532,True,2025-05-24T09:41:26.415896,2025-05-09T09:41:26.415905,2025-05-09T09:41:26.415909,15
16,15,She cover.,"Thought pass apply apply serve level billion thank. Drive establish necessary our view above seek by.
Once attention surface develop go second.",https://placeimg.com/211/601/any,True,2025-05-21T09:41:26.416027,2025-05-09T09:41:26.416037,2025-05-09T09:41:26.416040,16
17,12,Bank head around.,"Crime forget modern data clear. Concern man race.
Admit quickly Mr product western both maybe. Reach indicate yeah where provide sister once.",https://placeimg.com/993/166/any,True,2025-06-04T09:41:26.416180,2025-05-09T09:41:26.416191,2025-05-09T09:41:26.416193,17
18,2,Firm for.,"Contain century street thing body. Southern politics scene education defense green article.
Lose this produce part. Him yet newspaper newspaper.",https://dummyimage.com/123x967,True,2025-05-11T09:41:26.416333,2025-05-09T09:41:26.416340,2025-05-09T09:41:26.416342,18
19,14,Capital.,"Political two movie modern friend. Less write not ever Mrs may.
Whatever share over author big fall. Subject arm citizen onto life than. Six environmental woman argue she possible career.",https://dummyimage.com/667x189,False,2025-05-25T09:41:26.416445,2025-05-09T09:41:26.416451,2025-05-09T09:41:26.416453,19
20,12,Husband simply chance.,"Simply view he interest these.
Low read study provide to including. Nothing fill clear professional at. Whose become war food bar well.",https://placekitten.com/107/965,False,2025-05-23T09:41:26.416548,2025-05-09T09:41:26.416557,2025-05-09T09:41:26.416560,20
