id,username,email,testId1,password_hash,role,profile_img,jwt_id,refresh_token,created_at,updated_at
1,charlesmarcia,glenn41@bowers.biz,testId1,dc296f2be1475167eaed7911919f0ac448e1fdb22c51c8dcc4b4b64716e90b99,user,https://static.vecteezy.com/system/resources/previews/005/544/718/non_2x/profile-icon-design-free-vector.jpg,684da5e6-f03d-4c8b-acdc-b6705191def0,35cf4e0e-c826-4dba-af1a-0b66afc0bbf1,2025-05-09T09:41:26.402176,2025-05-09T09:41:26.402192
2,amoon,boothandrea@yahoo.com,testId1,5b3ec2d3ef1fed5e095445150761eea631a7a9031d0103494b5fd1eadc81bf47,user,https://static.vecteezy.com/system/resources/previews/005/544/718/non_2x/profile-icon-design-free-vector.jpg,a965542f-6ec5-4a38-9530-326c6536fc82,cdf74ecf-1261-43f1-896a-1d2dd4a23529,2025-05-09T09:41:26.402891,2025-05-09T09:41:26.402962
3,shannonthompson,phillipfuller@hotmail.com,testId1,fb82931912f21bac31260a7b529e6dce900b0070d33267c470bd212d58ecea8b,user,https://static.vecteezy.com/system/resources/previews/005/544/718/non_2x/profile-icon-design-free-vector.jpg,0370537e-0004-45d1-b251-6762ad7854b7,20de1563-c942-4667-b593-d64659c91cdd,2025-05-09T09:41:26.403784,2025-05-09T09:41:26.403790
4,jasonmckenzie,michael15@phillips.com,testId1,b5dc54fdb1d9a30bdfb607d44e5be6f8834b634743549a511880b1b91e06f27a,user,https://static.vecteezy.com/system/resources/previews/005/544/718/non_2x/profile-icon-design-free-vector.jpg,56d10b9d-2728-4bbd-b761-e7f411fb10d1,3b1fa6ed-a4c3-4c80-88c7-b38ee1e37957,2025-05-09T09:41:26.405038,2025-05-09T09:41:26.405046
5,ashley60,stevenwalsh@yahoo.com,testId1,07012f07f7042612fae49189adca14f05111a5946d7e1f0c265d25bb3fb55d42,user,https://static.vecteezy.com/system/resources/previews/005/544/718/non_2x/profile-icon-design-free-vector.jpg,042aec96-b90e-4385-81d7-bfd0407c2930,91b2d1df-fc58-4ef4-90d5-510279f62506,2025-05-09T09:41:26.405771,2025-05-09T09:41:26.405778
6,cole09,carrvictor@yahoo.com,testId1,1da6caa5117cf7a623389551dbdfd885e7c3dc8a355201ea29c57533e2ed70c2,user,https://static.vecteezy.com/system/resources/previews/005/544/718/non_2x/profile-icon-design-free-vector.jpg,7132e895-4670-4841-a67b-b2ade03426db,304f3831-ff5f-48ce-9338-0465da5bdc69,2025-05-09T09:41:26.406463,2025-05-09T09:41:26.406469
7,franciscoadams,cdavidson@grant.com,testId1,fbe353d1db4be99f02e462fa7f8f9e82e0dc68b6e3e1f69bec345b1eb47929a2,user,https://static.vecteezy.com/system/resources/previews/005/544/718/non_2x/profile-icon-design-free-vector.jpg,4e3588b2-3bad-48f1-81c7-50a1160776a6,87ece11a-0b14-454f-86f4-70c36551c15f,2025-05-09T09:41:26.407470,2025-05-09T09:41:26.407477
8,patriciacisneros,zhicks@hotmail.com,testId1,52a55e5d61b654055e12b4dad91540b462ca91dfa37b865b5c3b5fb04fc801f6,user,https://static.vecteezy.com/system/resources/previews/005/544/718/non_2x/profile-icon-design-free-vector.jpg,2fa27a8c-c046-4d87-ac98-3b641c3b67d1,f84e5f86-97dd-40f4-97b1-0df590503381,2025-05-09T09:41:26.408100,2025-05-09T09:41:26.408110
9,tpatel,walter71@cox.net,testId1,371794fdd083c828b4782143e4c703ab29ccef41d82c0cc495d677816d08b118,user,https://static.vecteezy.com/system/resources/previews/005/544/718/non_2x/profile-icon-design-free-vector.jpg,7302a949-7d70-4df0-af5e-421305bf3613,6b555e6b-66cb-4c40-9716-dd7336f51734,2025-05-09T09:41:26.409249,2025-05-09T09:41:26.409258
10,ashleycardenas,tprice@yahoo.com,testId1,5efcf96800bb7a4ce177ba31b4abb427d0e64dfdc7909ee0935a5cc3092bc46b,user,https://static.vecteezy.com/system/resources/previews/005/544/718/non_2x/profile-icon-design-free-vector.jpg,4b39cd8c-9aa2-4f5e-8dd5-f0ae2205a4d7,f2b5ee26-cc72-48e1-a11e-37867956ee99,2025-05-09T09:41:26.410284,2025-05-09T09:41:26.410294
